title,link
Medtronic My Care Link Smart Patient Reader Model 25000 Heart Monitor MYCARELINK,https://www.ebay.com/itm/125366411794?hash=item1d306ba212:g:u1AAAOSwQDtipjZU&amdata=enc%3AAQAHAAAAsOqab%2F7jXzfEnziMdbiTybagsukgEQI0y1lan1Q4izkhcaKD59DqMbAQVOD%2BlHH0Um2nZFm6OSp7sOZEFSksJGTyJ%2F9zOvtJDU5%2BTZbhnFOnr03CC%2BXg1HEfUTCkd76wr7Mw8KZZmHxRrbAbIEokOxT4fIz%2BroY%2F9k5JekebWhmLTsE%2FZ2Hx56AJBkZlLSBTiyYGSksNAEMZx6TK6ORqr8NBoHNuIsPqFp26CHnuHbFv%7Ctkp%3ABk9SR_rsg8maYQ
Medtronic MyCareLink Smart Patient Reader Monitor 25000,https://www.ebay.com/itm/275507610835?hash=item40258884d3:g:qJ4AAOSwY75jUX8i&amdata=enc%3AAQAHAAAAsIc2fQP2cxXgAukbQb3qzDu%2FxBU48ViApzTsG9omKC3psSPpRxOAwlTdVnTqu4AIcdrILuQYKLD0dPEWMPtWBS3tagUZBNPdv7y8KxsNYNRXrKfYui321qDFzhOdvkO7St9MqrE%2B%2FbCp0EndjL6RIoHqj5JfH7JlbqVxofIOIpYfliDbsKjAEb57wKbbuaOT9r0mvaYv6zmmfU9mdVXLcrvsreIm0%2BnLLv2xc804raz9%7Ctkp%3ABk9SR_rsg8maYQ
Medtronic MyCareLink Smart Patient Reader Monitor 25000 New Open Box Unused,https://www.ebay.com/itm/334596077470?epid=2171896786&hash=item4de77af79e:g:a58AAOSwe7pjTFoO&amdata=enc%3AAQAHAAAA8BUXeBAHQcKSccUQGOjbehmaomdymnSiWuYZq93AjfuL31OU47Isvyyn3CvdqbZUJvfNwXzG8JPCzhcOPEsmIlKZQvGC3%2BqvOEOf5hb7xZTjotl3RSgdTi%2F45Dz0YJFUSPd9ccBL984jBr4WxLS%2BcKw9QECBVL2RdiJ7nFhjRLhburhR6epTDa2y%2Bb4nAJEUIGgs83NzP9F9SjoJCcG8dKk%2BAm1QjQtp0V5OyaHbZGPrTjAWIl7%2BLD%2FNJOR39PynfMgwfUJCGK9PZ8%2F9KPXeCDGe%2BrmvhyJOgkMROh4M7Ve6SSTqFW072euB2f9DFsG%2BKQ%3D%3D%7Ctkp%3ABk9SR_rsg8maYQ
NEW MEDTRONIC MYCARELINK SMART PATIENT READER MONITOR MODEL 25000 HEART MONITOR,https://www.ebay.com/itm/154987059278?epid=2171896786&hash=item2415f2d84e:g:T7oAAOSws9RieUdh&amdata=enc%3AAQAHAAAAsGEYcYi6TecExT6hQHPqG08z%2BlAMvNbK4utMWmLlGoetgXlGbnqEydxY33BvwmI%2FzjNow1zZgfgZnj0s633Z%2FiGhSHA%2BIXqiwgwn68sbiW7uh1WHiduCBxVZfOZGkUxsBqCwfV6TrpSbIfi4LH0LZgA1WRlAqtsXce51KJCBF%2BChstXNhNZtLOi%2BfQ7pk7aVNH3xuzro6cUxmxdQYGrFrVbEYTidSN%2FtjuG9yjFkhoVu%7Ctkp%3ABk9SR_rsg8maYQ
Medtronic MyCareLink Smart Patient Reader Monitor 25000,https://www.ebay.com/itm/185515129990?hash=item2b31903c86:g:wL0AAOSw-vdi4KGD&amdata=enc%3AAQAHAAAAsKnOJqTxRGtSAvh5EDDRs1pup%2FNz5BdvQ70ovbRjpFsJKb%2B%2BXp3xI1ksNzmjH8B6UFAdsvzrxBGuQvnWhtK7x5Ck8XFnbShXwG3CIK61vsGH4hfAFGf0%2BS6qpHi0f6dl1E1SgwOsmvwnp6%2FqBZ406mjBsC5Udq20tItPL1T1hOaA0sdraExr0V%2B1L6WJbHJABiajZ3QEWy1px2u10njgxCzI6okw1OeFDHZPAvkWq3AB%7Ctkp%3ABk9SR_rsg8maYQ
Medtronic My Care Link Smart Patient Reader Model 25000 Heart Monitor MYCARELINK,https://www.ebay.com/itm/175488832253?epid=2171896786&hash=item28dbf312fd:g:K84AAOSwZi5jcci2&amdata=enc%3AAQAHAAAAsNHql5Rlr4GUyLXlbR%2B7zfcxUK8vGptrUC2SOcSLXxryxzoSM%2BpYsK%2FJJbYzfhu2gMK67fOFl2kbF47PhgDFtD3oOUsRcYwiEBRqiG5%2BVpKscSjNlSKKdoKjUJbool5SLBfWIjYt3YoDQObDaOl3xSXDXPpq8RK0uEdD4KLwRztyw1%2BH%2F6rjQNmKR8fd45hoOSV0eFTR77DaUA8iWCWvSFgnXdvkw%2F0trYte1%2B536fij%7Ctkp%3ABk9SR_rsg8maYQ
NEW MEDTRONIC MYCARELINK SMART PATIENT READER MONITOR MODEL 25000 HEART MONITOR,https://www.ebay.com/itm/144518379017?epid=2171896786&hash=item21a5f77609:g:EmwAAOSwXlNiYw~w&amdata=enc%3AAQAHAAAAsLSRND8tPiZkHZACH%2BiJvXb6Tam5ce37%2FGBRdKW2SeBnAoAZa6PQCGn8c0zGCRqEMDpE4TD8g6HsMca31%2BHMsu5bH9kYVlqF1hpJsQJQzDSbfY6ePp6rQ2hBZJle%2FmhsVmqi6B8z%2BCLMw4WA1lmwNiWJdopYKWn%2FOXwllGtPGOX7Rytwj5zFQ1FK15HEvr9%2FlUfBsyfVmaktzdBM%2Fi8PhE1j3R%2BskOOxvCU3TcuBZ9Lm%7Ctkp%3ABk9SR_rsg8maYQ
Medtronic MyCareLink Smart Patient Reader Monitor 25000,https://www.ebay.com/itm/394009959348?hash=item5bbcd2dbb4:g:bS8AAOSwnyJiRKAK&amdata=enc%3AAQAHAAAAsKgSx%2FA0Ml%2FA6imbEbMlfSyROsQgVWwefY4C%2BH71vyP0cKkq3rMvai3CZWKT8K9SoNWTABi1P14N5K7q%2FrUrkOYsP530Rq5gEKvYBup%2FL%2B%2B5Z6NONdyOlt%2BBroFu1Hq7gbZNJdRF4s27LTjrCU90E%2FgUBytpXllNYZbi2nxGtqzgkx1c86g4rIXceiNJdm5qsQgChboaB0a5b5vWuQUk%2BcNDn7SI83MXCO1ChHVtbCiu%7Ctkp%3ABk9SR_rsg8maYQ
NEW MEDTRONIC MYCARELINK SMART PATIENT READER MONITOR MODEL 25000 HEART MONITOR,https://www.ebay.com/itm/175478500754?epid=2171896786&hash=item28db556d92:g:6IwAAOSwAhdjZp1R&amdata=enc%3AAQAHAAAAsPcHY%2Fb06oRoil0pPDvbBz1y0dgbMLw%2F7guS6t14Twe0tXcpbhh%2B4tm7zTaljBCpa8iLA9651PSFZsdaFaja02F%2Bb2F6S3wtq5gCcVpMdG7G8KY4oRE1B5Mhfquq157k%2FvZaBqnvoWmJnNB3nHMqDcpDFUwanNd8%2FJHrlGVj8L1LIcFNIO7n8MI7W7gP%2BrFuZd%2FEsX9hlMYwKnpaE1qwEsXOPYvLHmH5HDvvQ9QQ5o3I%7Ctkp%3ABk9SR_rsg8maYQ
Medtronic MyCareLink Smart Patient Reader Monitor 25000,https://www.ebay.com/itm/125271164256?hash=item1d2abe4560:g:g-sAAOSwxUpiYG6y&amdata=enc%3AAQAHAAAA8CulChNfnuXiTtfAbEdSxqLuFCKY8eu4wX6D8Dl1Aw58KLx8%2B%2BszYZdXu0IEnaPqCR9kV%2F1cro5Xr0JYwRzaWxAI%2FFxOHtBGcVlTZvu0ZXX8s06ussndsDbXkJUMVpwyAgT8rnSgCs8KqvTv6KAXQ9dD6qp3tQBwnD48uy8CeGx7mhru%2BkRV0iDseAi85gh8gAkXLCVpyHVFe%2FbwAFBTXyy%2Bwf8cQXRkBiSlmn7suZd9NQPsCE7guaVGokvTbAAelfGUmmUxdfXZs2Br8x05dRChsawpy3lRCOBTVbk6qpj8It8MnoW6%2BKD8CG8DU%2BHhSQ%3D%3D%7Ctkp%3ABk9SR_rsg8maYQ
Medtronic MyCareLink Smart Patient Reader Monitor 25000,https://www.ebay.com/itm/185446978831?hash=item2b2d80550f:g:Ww0AAOSwuLBilXv4&amdata=enc%3AAQAHAAAAsLyL1CnsX%2BST2QKodj%2BsuZc9c%2BOvkUftYMwEz4crkYD9a0XDkYloGYUSm1fkHbubSV6Zjp8FUUN13%2BQUU5kwBkhLHmpzf79%2FN2qWI0z6rnAAXM0H93FLF2TUS9xVtcZQHdagWhY56sj%2FlfyNOatZyuDJQaN7Qruiz5hhVdjrEoxWy9Iv51QHUcF5T4GpMoDhGIOD2IxSB5Lz50%2F2v4vQwyINXNCsit59UOaJvSfXzCB%2F%7Ctkp%3ABk9SR_rsg8maYQ
MEDTRONIC MYCARELINK SMART MODEL 25000 Grade B+  preown,https://www.ebay.com/itm/185131537762?hash=item2b1ab31562:g:qc0AAOSwdV9heajp&amdata=enc%3AAQAHAAAAsDrnJaG1NLWLXTg%2Bo9YFwFmYIYAvaGBI8HSnLzhPmhsEGqWpzmXzWekIPxq1enbFbA%2BMtzn2z3X9BWQi9mwuxzg5pWB95EEaKEcfTaaNcj7hrqOZJJibXN2xIZOLJh9onetTUW7OjBiYFvkkO2SAuDhHYvoHRx23jIvQPaGVoCZSM0vhP53CYRaSywdnEzckwHeBSOmiy1LCHaSaTYFm4Lb9qZkYR%2F8nmxLeauJRw3k0%7Ctkp%3ABk9SR_rsg8maYQ
Medtronic My Care Link Smart Patient Reader Model 25000 Heart Monitor MYCARELINK,https://www.ebay.com/itm/295016568521?hash=item44b05b96c9:g:0OUAAOSwyLZil80f&amdata=enc%3AAQAHAAAA8IIX5b%2FQGKVYuGVWBwbfkpzEt6x7W05539ugLoEZuqT42hkqB%2FxTwDPPY7l7lR%2BnOdbktiftixYo0htunw9gNUoQcesEvaD%2FKKgrx6L%2B1JBBhyl6y2UeIgPAsd3pi6%2Fureq99OSonJO%2F3j2LQfX4IURxeycJtZvz0kLtX9SnPrcU6Mnt6JIN7MUq9jfZwmH5SVHXpn4BPHyqS%2Be7rb1cqvKcpOfEXGYA4AFanJ%2Bsx59j7fuoAdfUUyeFZk1GbeNx1ff3%2F1eMQ1hFvIS9lhwycOeKPHMz3JbCMtQo%2F3ccti7RaBAFQX%2FsdryJJczg4oTKzA%3D%3D%7Ctkp%3ABk9SR_rsg8maYQ
Medtronic My Care Link Smart Patient Reader Model 25000 Heart Monitor MYCARELINK,https://www.ebay.com/itm/393644594124?hash=item5ba70bd3cc:g:RfgAAOSwxM1hc0mS&amdata=enc%3AAQAHAAAA8BslLXXWtPXoqwBLaZApJjOpgVhGDZsQO8N8JzuVhaRycGu4JwztCCvTRspjm8NjjLv1Zi8ZRVae8016pVEZ0iFQFA9jMm56gXjnlVpIT82GcsFSia5oxxkPN7VrbM5JgEI2PqOEPSovYd421Mo4Be16kZJ0nyjqkHM5yrfbDqvvk7TiNUiiY3b4zSaq9GKEV3eF8I3wLPdZaAut14grrdo34%2F9phyiTXwXtPOI84JibZazhnQziJ5%2FqN4fkVaWWHU0KZLB5FOKSmUtp9x91QRFe2%2Fsm4v5usSZtIragpII2cm0tGJzyBtHde%2ByAB8Cnaw%3D%3D%7Ctkp%3ABFBM-uyDyZph
Medtronic MyCareLink Smart Patient Reader Monitor 25000,https://www.ebay.com/itm/225096540398?hash=item3468cca0ee:g:7VEAAOSwj~timm8U&amdata=enc%3AAQAHAAAA8MAn%2BM6oyh954D%2BQjHYdj6VBHgvqANNYsH%2BesXmx1sy%2Bq1siwX9XBf2SHFlG9wJCU%2Bq4yz1xI%2BWSv3n1ue%2Bx75pIramBPJIgLkB4yqPEjrprmXHwbV6ldN4FHJyCWSDAhe3zLVNDeWfSalfj8lT3hE45RhSJT7VrQf1gwRU2R1TVSL1%2Bg8lbfoujK2XQg28fJFLXmUGwUhyESgQjEsfgoo5FD5ZkBn2RM8YHw2ymsJ8JqDnUIxAugEV6krOCkNypob%2B8dcHIpCf75fqTJA1Zf4S%2FGE5inbwWiQpwFz1tX0m6CXIlKes0LmTB5POZ12mMXw%3D%3D%7Ctkp%3ABFBM_OyDyZph
Medtronic MyCareLink Smart Patient Reader Monitor 25000,https://www.ebay.com/itm/154965460587?hash=item2414a9466b:g:gO0AAOSwWXBiZ1vl&amdata=enc%3AAQAHAAAA8OstTi2HgGm2Bwgj84x9Fq6t0h5fhIVJlh8GGEdI7KEZVJOC8nAHynQv%2F6xQ1rYRakLCDPsbpsa3vK7LOIytCIZv8JppRJRh%2FHJuntHJguLFBbjXO4NlTfC84LSfSse7uD%2BlOVgkT2w5E%2BaT117qUcXVF51mRB%2BSDbEj4tvHnpqJ1HXOTT7OqihHBrp6UIZexANZh6UrzTCcrvl3cQ27k%2BiTaBl4mtVjljNG5G4%2FF3MbJ2arQbGG%2BD%2BdNUEf2O9soe1YY2i3U5ktilql8YJdn2c2XJ1BtFggQX4Ftq9tW6k3xTIx8EGHItHWmY66lKb8Qw%3D%3D%7Ctkp%3ABFBM_OyDyZph
Medtronic MyCareLink Smart Patient Reader Monitor 25000,https://www.ebay.com/itm/134144848211?hash=item1f3ba7f153:g:s-8AAOSw0Z9ipXD8&amdata=enc%3AAQAHAAAAsHWqUQOHvBXkFbhH%2BTEzJxtwDUGz3OqP4QuTbS6%2BL8sPk3x6J3Pj3AQYBmCxyJ9gwX2aohkYE3SPJtISYyvQeA9AjDKZMQ18AmRjgJE7BrpJUqpCJRyGTy%2BNLxRrsMUFZ%2FWxgpQzknb%2F%2Bdg2FkEbQIbyJyoPiMr69nL8P91MCxHB2dM8ou6JxIqdqvXYibUNr2T0oc1EvWftTr8vyflsp%2FYbe6HkTScoKvGJrSwnTmBU%7Ctkp%3ABk9SR_zsg8maYQ
Medtronic MyCareLink Smart Patient Reader Monitor 25000 New Open Box Unused,https://www.ebay.com/itm/354357948704?epid=2171896786&hash=item5281613120:g:Ur8AAOSwPvRjWWZ6&amdata=enc%3AAQAHAAAAsAJSN%2BKFKiWBYvyDURAXHzbCeQ%2F%2BGVbKShAEFPNcMAKSR0GykJQcZGt8N%2FFgspLQHyxZXW2oRPH%2FBbZRleqMSH2E%2FlU2fIQiynpy2CwQ51MaHQ5JGcmgjei2WOYHzNtWqQUpBaphKroDXeCH1zp0cQQ4OEzAmm3c8GBwAfyN89uesIPAQF%2F%2FXE17aCXFOK8vNRm%2F83aI1hMyJjZ%2Fmn3%2BFacwZBmHKIp49Dm6We8KXozF%7Ctkp%3ABk9SR_zsg8maYQ
Medtronic My Care Link Smart Patient Reader Model 25000 Heart Monitor MYCARELINK,https://www.ebay.com/itm/265586590441?hash=item3dd631c2e9:g:3iYAAOSwagRhsCqB&amdata=enc%3AAQAHAAAA8Ni8qlfAAjJJBCrOTGlLTrBBxgWx90yoobnOTCD0w4MPUz%2FP3BXIrycZa%2FaVd5x2ikL4eixg0gR%2BaDlsBfid0797zv0gMaY%2B0rnC6UQ%2Feu4dlinO3GC3itKYAUfvk4HwFn0I7CV6Hypw%2FRUPf7%2FRKD8TVsuMgPbL9cWVBA97bZOvm3qzrCsiVpbShqVFDr8a1ZOo%2B1YG3kUINd%2FOsMTe4rHcb6qX5ejQ5pe%2FTvotrC2YY7N597tnSkC1BzPpWlerHZju9g4VcvxVJLLS%2B%2BiJLbQ2PYTFUXqAdEPm8uedb%2FNnwyzXLJKu3EtA40i0F9aR1Q%3D%3D%7Ctkp%3ABk9SR_zsg8maYQ
NEW MEDTRONIC MYCARELINK SMART PATIENT READER MONITOR MODEL 25000 HEART MONITOR,https://www.ebay.com/itm/304301155794?epid=2171896786&hash=item46d9c325d2:g:if8AAOSwQr9hNTDY&amdata=enc%3AAQAHAAAAsKzP707NBlCjBnp7W7RnAdpiz%2FLf7VGUaIwh4mCs7i1TTc9u1ZJwkMgHg5t5Vo2ocduBskEO055F35HpgLl3yIyO8ZQJaDB%2FIol%2B1zFcgdk1l1YBjemjNYYKVSk66Jkhr5ycPyuO9Ogpcu8N9%2B99o8eNsR%2BB44LgEsZjF0llDBbG5xmc5Mk%2B7eHH%2FEDobeWn9Fe01x%2BTAsjumbGeSy5ib%2FR%2Bt0yBz1ZoI3Cfif1RxovV%7Ctkp%3ABk9SR_zsg8maYQ
Medtronic My Care Link Smart Patient Reader Monitor Model 25000 Heart Monitor,https://www.ebay.com/itm/384983987909?epid=2171896786&hash=item59a2d576c5:g:OZAAAOSw8hliwE7L&amdata=enc%3AAQAHAAAA8P1wvjnjQBiV%2FQQ%2FidftiO%2FhQ2XYMpfvbnNEHauBnp2K4XpCUtTk5XniWcB32QUJMruA9rVqImpHlEGTzF0u1fGAqfRxyvDMbhXgkmpGEXo7lZHhhmm6t6pUs2tEJnMKLjV6n8tMP0f4FCvDPRk73J%2FqdC%2Bo3yz7jkAZTl3RVMvupfHFnLhskA1QMBfxJQRGEQ87M7D50um7VXGqTXL8seTFSUQm6jv%2Fa%2BQO2ah4YdsmNHIpzGNgqFA8dYxnFmAKPUNp%2F6LZrfBR1cxynByVSORN6HJhKn5lFE9Y1nrk3pTzo7rwc53U4WC0XXYrtCMV5g%3D%3D%7Ctkp%3ABk9SR_zsg8maYQ
Medtronic My Care Link Smart Patient Reader Monitor Model 25000 Heart Monitor,https://www.ebay.com/itm/234202637069?epid=2171896786&hash=item368790a30d:g:UTIAAOSwVyhhTgpy&amdata=enc%3AAQAHAAAAsNbypMgsiTVdXylVaBAyF0jqEKQWjy7BA5l8nu4CO3KU1%2FjyMVMrWnnSK2quFC%2Fgypkak72wScGK1SPtKxzQNwxlr3SBTnFGY8QN8zg43RaW4rvXMSZcnX59ZwWCNCFshpVGQF7z23SPLCJDbrrDNBo7MOnS%2FdQjp3D3U0fFX2951cB%2F04JEQCljxyUAGxcF3yUJD9GIViJA0etgXPbtY%2BlJPoAsQL9nd7EUxSqJiUKK%7Ctkp%3ABk9SR_zsg8maYQ
Medtronic MyCare Smart Patient Reader Monitor 25000,https://www.ebay.com/itm/204019474144?hash=item2f80821ee0:g:aNEAAOSwo8div4O3&amdata=enc%3AAQAHAAAAsCPnsMP7R%2B5SQyvPnsFF51Lab6pnTZ57l05OxmxoYiVHkJrP95Q%2B26mFsBpRIJ3D5lcj3bF%2Bd8mRNcXYyEPiF9y4YyPlzBEerv1QN2LVHizWLS7NubP9nrwkp6krS9jQEHWt4rwsE%2FRK%2B9SfhcNvkPDQWYpFnEUkhx%2FypdzdNLykeJRnmNH3hWorMlZWSMwibEh6ft0108HTUZxPVY8Nlv5cNWVkvIjIdyjOe%2BVLFAyw%7Ctkp%3ABk9SR_zsg8maYQ
Medtronic Mycarelink 25000 Patient Reader. New Open Box,https://www.ebay.com/itm/334567408549?hash=item4de5c583a5:g:EB0AAOSw8opjKlVt&amdata=enc%3AAQAHAAAA8N18A%2BJgWLSVQHkxSDDazVHGDcc4upZh4qLVslMLnUJJd7QPch7Ljw72vEjLtPvqzu9oGWjy98%2BD2zKVy%2BG1Co9q%2Bzl1if1wfHgPzTJHjz%2BR3DFuFvxV18Ji4fEetg5gJPdO%2BI4rtvmxnWAIvQ%2BJ2I2ZQK9huleUZZArTsO1nPKPGS4guqCluyjr4hOj6SIiSCEkJX%2FJc9ozaxKSMiLX5M70GMQaFunJjnTNCQgL5R6wLzXVq4%2BXI3W98ne%2F3vRmsLoepw87OSpaWT3N88gbA2TkOt4kpJrSt3f9VfA%2BtjZ7XPoiF6g1cqxKpsI%2BoON3Dg%3D%3D%7Ctkp%3ABk9SR_zsg8maYQ
Medtronic My Care Link Smart Patient Reader Monitor Model 25000 Heart Monitor,https://www.ebay.com/itm/363921423662?hash=item54bb683d2e:g:ncEAAOSwbkdhyF-V&amdata=enc%3AAQAHAAAAsBhxXLy7swSn1gH2A5XkCrT%2BODb9tdMLotlXcdLD%2Fj01QkcRqI5253wrjlfEp4LUNf2Sm58hxwpyWSgVZt0NFEcDVbOrECsPgzQyQYvzJ5J7nkm52JdQaIqwNbMzvgAZqBUkHqlo56a6VHo8vdRcy0%2Fth%2F8d5oa7fD%2FfznAHnk0FiLAe%2FBEx11%2FpGOf5VM0AqVWTBki6iNQNDgzUa1Pid29WK7j5Qg3y3XCdB6HmsTsK%7Ctkp%3ABk9SR_zsg8maYQ
Medtronic My Care Link Smart Patient Reader Monitor Model 25000 Heart Monitor,https://www.ebay.com/itm/295299162162?epid=2171896786&hash=item44c133a032:g:VFwAAOSwx4FjWIJP&amdata=enc%3AAQAHAAAA8I4Zu9JVbc3lOqCeLX9CzsYI8%2Bos6vUsIs%2BQ7qlgVimvBlRdw2okFdb07PtAJhNqtkEPx3vIqPvu1KpEA8SgXysMSdRoEvCyf%2FZZIBEaGmlXellXDWlpK0Gdz5TheE4laxpj9CjRoD%2BgNCp%2FWwJAcfomQGpDJlxpUco0xZ7KvGfMgFSDrwwZywm4YloXRHrTkcQLfxWqTED2xy6KTE2hTr%2BzUd%2BAB1Szh9NeIDwRv5DXmkjriBQAziwN1SD%2F7zjrVkKSz5x1llVTEud25Ce89%2FuIKIbSkwIuq3xN8qCDucSwW5xO7vPNVdWERKaGf%2Br0Jg%3D%3D%7Ctkp%3ABk9SR_zsg8maYQ
Medtronic My Care Link Smart Patient Reader Monitor Model 25000,https://www.ebay.com/itm/125302662692?epid=2171896786&hash=item1d2c9ee624:g:xcUAAOSwANhidaLa&amdata=enc%3AAQAHAAAA8BpABGMq4EekSMW9%2BCEIM3j36adle5N1ImCUk4K%2BIdkqGh89WnXcBmmpdA6UPI8lCRvLLMdJpYUHnaDIJafnO3v9hNCfOi%2BSONAq3A1PKZeP%2BLYchtM91GUo1278G%2FK0Olb5dgEh7IVJREyFSQt8IqrsvuGP4oCCe89%2BXBSRJalUi%2F6FNlv3%2BhA9ObmrS5tzFSJ5eepeZtYte4oZQHY1gjtuY8LBWIaFsQE61pJZk7%2BxuMwaBk0ySiV4n4KP8e%2Bg2cB6pZCWwOi5Sznv2SQUN1Td0E8GhFInHNfKDeXvAA6SAw%2BzNcHP%2B3p0iHP6s%2FYRTQ%3D%3D%7Ctkp%3ABk9SR_zsg8maYQ
Medtronic My Care Link Smart Patient Reader Monitor Model 25000 Heart Monitor,https://www.ebay.com/itm/175028663896?epid=2171896786&hash=item28c0857658:g:mKQAAOSwLdxhlyja&amdata=enc%3AAQAHAAAA8ORwwYsWB6EwmMqhPAobD3MawkzQo8hb7bxmginZi1d01yMsgbfsn1JAn%2BInAzeBiuaifrSNIH89FUTQ7PNOFV2gmLkLpA0g%2BZ21wdcOYD67M%2BC4SdUa91%2FLB3PsvCFhq3poZRFBkE8ThT%2BHkGY9oXKRJq%2Bl%2BQ%2BUO8u8ODLQ5m6g%2BWEa7hruT5Zrqt7iQI0Hm7hSWuxaRScz79ZkHpFKCp2%2BUg2LK9TFJo4%2Ff0r1NuoS29S1tJ0PEgsHobvca4PoOR8g6FObgFnDumhAWFVg4gmfCcu9Ukk1Ss0bvZLTqqJnEYcKj4V2yyB5934f9cPngg%3D%3D%7Ctkp%3ABk9SR_zsg8maYQ
Medtronic My Care Link Smart Patient Reader Monitor Model 25000 Heart Monitor,https://www.ebay.com/itm/284694554092?epid=2171896786&hash=item42491e25ec:g:66wAAOSwL69iKlSp&amdata=enc%3AAQAHAAAAsNlMh7QUahK%2BpjJPJ2V00pgFbqNKHEHNm0OLEmuf0bbfmNuP%2FWjcaqFKLHj0kLLEllrdI7GgYUxHVGbriyxHskM04XxWlxOlyUfaXZyLkPHPs4A4198Dmk1sOYfZDtoBH7xOCEYr%2B7iKxlXL191z%2BviOreZEVp9WsTbRF5u4mXIwqFS85o4jZrTI7ir8pG5jxpo%2FvZwZ%2Fp5DijNxJK71iyQgVdZP8KgGGcWUBUlBs5Lm%7Ctkp%3ABk9SR_7sg8maYQ
Medtronic MyCareLink Smart 2500,https://www.ebay.com/itm/125107062025?hash=item1d20f64509:g:60MAAOSwHSFh5y8T&amdata=enc%3AAQAHAAAA8FKF%2BTpzi13XGidbX2CNopcPwfg7gEsFIIVNzx1eXmqISYWqzMuSvXkT3S96rr9aafinyE%2ByHTgQoPYSCru7k8k0iHpPyfH6zlfpgjIQ9z7HGaca1rmUqj6NgAGuI7nT7f1%2FAZ4hHdodQzuWJoUQBQFxadxgyamUZkwaDtx27YuPgYMCYEpQP19O9InHlKNX7%2FpGpo802ktuxsC8v9qoOxJlYYQuAUcrjhuoNHcWDBUWI3T7ddg3DSb%2Bl8mO%2FqBl5%2BRt0tkygB6dDrltF5hCeBOkio1PfB8z8wsVlvg5JKtlTMaWGTRtTM9mJDF%2FHAQrTg%3D%3D%7Ctkp%3ABFBM_uyDyZph
Medtronic My Care Link Smart Patient Reader Monitor Model 25000 Heart Monitor,https://www.ebay.com/itm/124956272974?epid=2171896786&hash=item1d17f9694e:g:3e8AAOSwWKdhaj6o&amdata=enc%3AAQAHAAAAsM1rxbB08twUdhft1SKS%2FxNn2NrdC1Qq8NCxP47h5bw3N%2F6D%2BvIs%2BTyYrhyjuWfhjYflHgPYRpl795IPaWmAIM4o0grNS9dL5UaDRP6QNB6yZtDTmKamFyVmcGYbA7iHp6f0Hb%2BMQ7Q9DViyUSeaeBRk08P78SePHc0c1RdhNkJHx%2BH9%2FIzjZmwPncRyU32wBeNCf738BMVsZtCeJoaPqOP2FsVgc8CnR9JK4mrNX2Am%7Ctkp%3ABk9SR_7sg8maYQ
Medtronic My Care Link Smart Patient Reader Monitor Model 25000 Heart Monitor,https://www.ebay.com/itm/134186901321?epid=2171896786&hash=item1f3e299f49:g:h1QAAOSwRrpi5uvZ&amdata=enc%3AAQAHAAAAsPAq5IawLe4uMdiDK5uazzSx8YMXXDq7%2F7LtE7%2B9YztPCcLOpV0rLT549Ls2O2GMwQsQyIeEA52jB13SUmsrAxtihoY5Z3GUQdoRl%2F0hz0PoxbDvmZ4ZV%2B55Xu3gfVdlyXR7NXWJW85qS57iZB62rvCaf7jXQc88HQhr5cQISYRHjOwc5wyTaEdtu5GHZpboILfNvZHfb5JPwR6UWnJjrbJDt%2B55QDtcs56TT97E7SM9%7Ctkp%3ABk9SR_7sg8maYQ
Medtronic My Care Link Smart Patient Reader Monitor Model 25000 Heart Monitor,https://www.ebay.com/itm/393983491538?epid=2171896786&hash=item5bbb3efdd2:g:VpQAAOSwvfViLNux&amdata=enc%3AAQAHAAAAsL5b5HGaydd0TzqPfEuubvdu3nK%2FiO7tzOu01OA8ezzqJ3MWDhSpG8zfBQ3Ch9uNWSXoZDFs5aXMwAXjFEya%2BAfZMQVHjurpM0R%2BJreMbUi%2Fyvz%2B6LQTrjQRLhedwjmROPX4XJbNnYh5isvHuxzFzgR%2FlWB16uh94aphxaboXryYXnbAfb5ZDmW8IoxfY9GRBsyIXIeOkeuN9csSwlUnIl1BsKW0Yt0do5X6HIEnSoGz%7Ctkp%3ABk9SR_7sg8maYQ